-- Авторы
insert into author (id, name, description, slug, photo) values (1,  'Джон Р. Р. Толкин',   null, 'author1',  null);
insert into author (id, name, description, slug, photo) values (2,  'Джейн Остин',         null, 'author2',  null);
insert into author (id, name, description, slug, photo) values (3,  'Филип Пулман',        null, 'author3',  null);
insert into author (id, name, description, slug, photo) values (4,  'Дуглас Адамс',        null, 'author4',  null);
insert into author (id, name, description, slug, photo) values (5,  'Харпер Ли',           null, 'author5',  null);
insert into author (id, name, description, slug, photo) values (6,  'Алан Александр Милн', null, 'author6',  null);
insert into author (id, name, description, slug, photo) values (7,  'Джордж Оруэлл',       null, 'author7',  null);
insert into author (id, name, description, slug, photo) values (8,  'Клайв Стэйплз Льюис', null, 'author8',  null);
insert into author (id, name, description, slug, photo) values (9,  'Шарлотта Бронте',     null, 'author9',  null);
insert into author (id, name, description, slug, photo) values (10, 'Джозеф Хеллер',       null, 'author10', null);
insert into author (id, name, description, slug, photo) values (11, 'Эмили Бронте',        null, 'author11', null);
insert into author (id, name, description, slug, photo) values (12, 'Себастьян Фолкс',     null, 'author12', null);
insert into author (id, name, description, slug, photo) values (13, 'Дафна Дюморье',       null, 'author13', null);
insert into author (id, name, description, slug, photo) values (14, 'Джером Сэлинджер',    null, 'author14', null);
insert into author (id, name, description, slug, photo) values (15, 'Кеннет Грэм',         null, 'author15', null);
insert into author (id, name, description, slug, photo) values (16, 'Чарльз Диккенс',      null, 'author16', null);
insert into author (id, name, description, slug, photo) values (17, 'Луиза Мэй Олкотт',    null, 'author17', null);
insert into author (id, name, description, slug, photo) values (18, 'Луи де Берньер',      null, 'author18', null);
insert into author (id, name, description, slug, photo) values (19, 'Лев Толстой',         null, 'author19', null);
insert into author (id, name, description, slug, photo) values (20, 'Маргарет Митчелл',    null, 'author20', null);

-- Книги
insert into book (id, description, discount, image, is_bestseller, price, pub_date, slug, title) values (1,  '', 10, null, 0, 500, TO_DATE('30.06.2021', 'dd.mm.yyyy'), 'book1',  'Властелин колец');
insert into book (id, description, discount, image, is_bestseller, price, pub_date, slug, title) values (2,  '',  0, null, 1, 300, TO_DATE('04.12.2019', 'dd.mm.yyyy'), 'book2',  'Гордость и предубеждение');
insert into book (id, description, discount, image, is_bestseller, price, pub_date, slug, title) values (3,  '',  0, null, 0, 400, TO_DATE('10.11.2020', 'dd.mm.yyyy'), 'book3',  'Тёмные начала');
insert into book (id, description, discount, image, is_bestseller, price, pub_date, slug, title) values (4,  '', 20, null, 1, 300, TO_DATE('08.05.2020', 'dd.mm.yyyy'), 'book4',  'Автостопом по галактике');
insert into book (id, description, discount, image, is_bestseller, price, pub_date, slug, title) values (5,  '', 15, null, 0, 500, TO_DATE('23.09.2021', 'dd.mm.yyyy'), 'book5',  'Гарри Поттер и Кубок огня');
insert into book (id, description, discount, image, is_bestseller, price, pub_date, slug, title) values (6,  '', 10, null, 0, 200, TO_DATE('21.03.2018', 'dd.mm.yyyy'), 'book6',  'Убить пересмешника');
insert into book (id, description, discount, image, is_bestseller, price, pub_date, slug, title) values (7,  '',  0, null, 1, 200, TO_DATE('01.05.2019', 'dd.mm.yyyy'), 'book7',  'Винни Пух');
insert into book (id, description, discount, image, is_bestseller, price, pub_date, slug, title) values (8,  '',  0, null, 0, 300, TO_DATE('17.06.2021', 'dd.mm.yyyy'), 'book8',  '1984');
insert into book (id, description, discount, image, is_bestseller, price, pub_date, slug, title) values (9,  '',  0, null, 1, 400, TO_DATE('10.10.2020', 'dd.mm.yyyy'), 'book9',  'Лев, колдунья и платяной шкаф');
insert into book (id, description, discount, image, is_bestseller, price, pub_date, slug, title) values (10, '', 10, null, 1, 450, TO_DATE('11.12.2020', 'dd.mm.yyyy'), 'book10', 'Уловка-22');
insert into book (id, description, discount, image, is_bestseller, price, pub_date, slug, title) values (11, '', 15, null, 1, 350, TO_DATE('09.07.2019', 'dd.mm.yyyy'), 'book11', 'Грозовой перевал');
insert into book (id, description, discount, image, is_bestseller, price, pub_date, slug, title) values (12, '',  0, null, 1, 300, TO_DATE('10.10.2020', 'dd.mm.yyyy'), 'book12', 'Пение птиц');
insert into book (id, description, discount, image, is_bestseller, price, pub_date, slug, title) values (13, '',  0, null, 1, 350, TO_DATE('03.02.2020', 'dd.mm.yyyy'), 'book13', 'Ребекка');
insert into book (id, description, discount, image, is_bestseller, price, pub_date, slug, title) values (14, '', 10, null, 1, 400, TO_DATE('19.05.2021', 'dd.mm.yyyy'), 'book14', 'Над пропастью во ржи');
insert into book (id, description, discount, image, is_bestseller, price, pub_date, slug, title) values (15, '', 20, null, 1, 500, TO_DATE('10.01.2018', 'dd.mm.yyyy'), 'book15', 'Ветер в ивах');
insert into book (id, description, discount, image, is_bestseller, price, pub_date, slug, title) values (16, '', 20, null, 1, 300, TO_DATE('16.03.2019', 'dd.mm.yyyy'), 'book16', 'Большие надежды');
insert into book (id, description, discount, image, is_bestseller, price, pub_date, slug, title) values (17, '', 15, null, 1, 500, TO_DATE('19.05.2020', 'dd.mm.yyyy'), 'book17', 'Маленькие женщины');
insert into book (id, description, discount, image, is_bestseller, price, pub_date, slug, title) values (18, '',  0, null, 1, 400, TO_DATE('20.10.2020', 'dd.mm.yyyy'), 'book18', 'Мандолина капитана Корелли');
insert into book (id, description, discount, image, is_bestseller, price, pub_date, slug, title) values (19, '',  0, null, 1, 350, TO_DATE('25.08.2021', 'dd.mm.yyyy'), 'book19', 'Война и мир');
insert into book (id, description, discount, image, is_bestseller, price, pub_date, slug, title) values (20, '', 10, null, 1, 500, TO_DATE('30.06.2021', 'dd.mm.yyyy'), 'book20', 'Унесённые ветром');

-- Жанры
insert into genre (id, name, parent_id, level, slug) values (1,  'Лёгкое чтение',                               0, 1, '1');
insert into genre (id, name, parent_id, level, slug) values (2,  'Фантастика',                                  1, 2, '1');
insert into genre (id, name, parent_id, level, slug) values (3,  'Боевики',                                     1, 2, '1');
insert into genre (id, name, parent_id, level, slug) values (4,  'Детективы',                                   1, 2, '1');
insert into genre (id, name, parent_id, level, slug) values (5,  'Триллер',                                     4, 3, '1');
insert into genre (id, name, parent_id, level, slug) values (6,  'Крутой детектив',                             4, 3, '1');
insert into genre (id, name, parent_id, level, slug) values (7,  'Иронический детектив',                        4, 3, '1');
insert into genre (id, name, parent_id, level, slug) values (8,  'Про маньяков',                                4, 3, '1');
insert into genre (id, name, parent_id, level, slug) values (9,  'Шпионский детектив',                          4, 3, '1');
insert into genre (id, name, parent_id, level, slug) values (10, 'Криминальный детектив',                       4, 3, '1');
insert into genre (id, name, parent_id, level, slug) values (11, 'Классический детектив',                       4, 3, '1');
insert into genre (id, name, parent_id, level, slug) values (12, 'Политический детектив',                       4, 3, '1');
insert into genre (id, name, parent_id, level, slug) values (13, 'Фэнтези',                                     1, 2, '1');
insert into genre (id, name, parent_id, level, slug) values (14, 'Романы',                                      1, 2, '1');
insert into genre (id, name, parent_id, level, slug) values (15, 'Ужасы',                                       1, 2, '1');
insert into genre (id, name, parent_id, level, slug) values (16, 'Приключения',                                 1, 2, '1');
insert into genre (id, name, parent_id, level, slug) values (17, 'Серьёзное чтение',                            0, 1, '1');
insert into genre (id, name, parent_id, level, slug) values (18, 'Биографии',                                  17, 2, '1');
insert into genre (id, name, parent_id, level, slug) values (19, 'Деловая литература',                          0, 1, '1');
insert into genre (id, name, parent_id, level, slug) values (20, 'Управление экономикой',                      19, 2, '1');
insert into genre (id, name, parent_id, level, slug) values (21, 'Карьера',                                    19, 2, '1');
insert into genre (id, name, parent_id, level, slug) values (22, 'Маркетинг, PR, реклама',                     19, 2, '1');
insert into genre (id, name, parent_id, level, slug) values (23, 'Финансы',                                    19, 2, '1');
insert into genre (id, name, parent_id, level, slug) values (24, 'Бизнес-справочники',                         19, 2, '1');
insert into genre (id, name, parent_id, level, slug) values (25, 'Личные финансы',                             19, 2, '1');
insert into genre (id, name, parent_id, level, slug) values (26, 'Менеджмент',                                 19, 2, '1');
insert into genre (id, name, parent_id, level, slug) values (27, 'Зарубежная деловая литература',              19, 2, '1');
insert into genre (id, name, parent_id, level, slug) values (28, 'Личная эффективность',                       19, 2, '1');
insert into genre (id, name, parent_id, level, slug) values (29, 'Тайм-менеджмент',                            19, 2, '1');
insert into genre (id, name, parent_id, level, slug) values (30, 'Малый бизнес',                               19, 2, '1');
insert into genre (id, name, parent_id, level, slug) values (31, 'Продажи',                                    19, 2, '1');
insert into genre (id, name, parent_id, level, slug) values (32, 'Стартапы и создание бизнеса',                19, 2, '1');
insert into genre (id, name, parent_id, level, slug) values (33, 'Корпоративная культура',                     19, 2, '1');
insert into genre (id, name, parent_id, level, slug) values (34, 'Банковское дело',                            19, 2, '1');
insert into genre (id, name, parent_id, level, slug) values (35, 'Логистика',                                  19, 2, '1');
insert into genre (id, name, parent_id, level, slug) values (36, 'Недвижимость',                               19, 2, '1');
insert into genre (id, name, parent_id, level, slug) values (37, 'Интернет-бизнес',                            19, 2, '1');
insert into genre (id, name, parent_id, level, slug) values (38, 'Ораторское искусство / риторика',            19, 2, '1');
insert into genre (id, name, parent_id, level, slug) values (39, 'Привлечение клиентов и лояльность',          19, 2, '1');
insert into genre (id, name, parent_id, level, slug) values (40, 'Делопроизводство',                           19, 2, '1');
insert into genre (id, name, parent_id, level, slug) values (41, 'Переговоры',                                 19, 2, '1');
insert into genre (id, name, parent_id, level, slug) values (42, 'Государственное и муниципальное управление', 19, 2, '1');
insert into genre (id, name, parent_id, level, slug) values (43, 'О бизнесе популярно',                        19, 2, '1');
insert into genre (id, name, parent_id, level, slug) values (44, 'Ценные бумаги / инвестиции',                 19, 2, '1');
insert into genre (id, name, parent_id, level, slug) values (45, 'Бухучет / налогообложение / аудит',          19, 2, '1');
insert into genre (id, name, parent_id, level, slug) values (46, 'Бухгалтерский учет в коммерческих банках',   45, 3, '1');
insert into genre (id, name, parent_id, level, slug) values (47, 'Бухгалтерский учет на предприятиях',         45, 3, '1');
insert into genre (id, name, parent_id, level, slug) values (48, 'Налоги',                                     45, 3, '1');
insert into genre (id, name, parent_id, level, slug) values (49, 'Аудит',                                      45, 3, '1');
insert into genre (id, name, parent_id, level, slug) values (50, 'Российская практика',                        19, 2, '1');
insert into genre (id, name, parent_id, level, slug) values (51, 'Истории успеха',                             19, 2, '1');
insert into genre (id, name, parent_id, level, slug) values (52, 'Интернет-маркетинг',                         19, 2, '1');
insert into genre (id, name, parent_id, level, slug) values (53, 'Лидерство',                                  19, 2, '1');
insert into genre (id, name, parent_id, level, slug) values (54, 'Управление бизнесом',                        19, 2, '1');
insert into genre (id, name, parent_id, level, slug) values (55, 'Драматургия',                                 0, 1, '1');
insert into genre (id, name, parent_id, level, slug) values (56, 'Античная драма',                             55, 2, '1');
insert into genre (id, name, parent_id, level, slug) values (57, 'Комедия',                                    55, 2, '1');
insert into genre (id, name, parent_id, level, slug) values (58, 'Российские комедии',                         57, 3, '1');
insert into genre (id, name, parent_id, level, slug) values (59, 'Иностранные комедии',                        57, 3, '1');
insert into genre (id, name, parent_id, level, slug) values (60, 'Сценарий',                                   55, 2, '1');
insert into genre (id, name, parent_id, level, slug) values (61, 'Драма, пьеса',                               55, 2, '1');

-- Пользователи
insert into users (id, name, hash, reg_time, balance) values (1, 'mochegov@gmail.com',    'Mochegov Dmitry', TO_DATE('01.01.2001', 'dd.mm.yyyy'), 0);
insert into users (id, name, hash, reg_time, balance) values (2, 'harrypotter@gmail.com', 'Harry Potter',    TO_DATE('02.02.2002', 'dd.mm.yyyy'), 0);
insert into users (id, name, hash, reg_time, balance) values (3, 'jamesbond@yandex.ru',   'James Bond',      TO_DATE('03.03.2003', 'dd.mm.yyyy'), 0);
insert into users (id, name, hash, reg_time, balance) values (4, 'maxfrei@gmail.com',     'Max Frei',        TO_DATE('04.04.2004', 'dd.mm.yyyy'), 0);

-- Связь книг с авторами
insert into book2author (book_id, author_id) values (1,  1);
insert into book2author (book_id, author_id) values (2,  2);
insert into book2author (book_id, author_id) values (3,  3);
insert into book2author (book_id, author_id) values (4,  4);
insert into book2author (book_id, author_id) values (5,  5);
insert into book2author (book_id, author_id) values (6,  6);
insert into book2author (book_id, author_id) values (7,  7);
insert into book2author (book_id, author_id) values (8,  8);
insert into book2author (book_id, author_id) values (9,  9);
insert into book2author (book_id, author_id) values (10, 10);
insert into book2author (book_id, author_id) values (11, 11);
insert into book2author (book_id, author_id) values (12, 12);
insert into book2author (book_id, author_id) values (13, 13);
insert into book2author (book_id, author_id) values (14, 14);
insert into book2author (book_id, author_id) values (15, 15);
insert into book2author (book_id, author_id) values (16, 16);
insert into book2author (book_id, author_id) values (17, 17);
insert into book2author (book_id, author_id) values (18, 18);
insert into book2author (book_id, author_id) values (19, 19);
insert into book2author (book_id, author_id) values (20, 20);

-- Связь книг с жанрами
insert into book2genre (book_id, genre_id) values (1,  13);
insert into book2genre (book_id, genre_id) values (1,  16);
insert into book2genre (book_id, genre_id) values (2,  14);
insert into book2genre (book_id, genre_id) values (3,  14);
insert into book2genre (book_id, genre_id) values (3,  18);
insert into book2genre (book_id, genre_id) values (4,   2);
insert into book2genre (book_id, genre_id) values (4,  10);
insert into book2genre (book_id, genre_id) values (5,  13);
insert into book2genre (book_id, genre_id) values (5,  15);
insert into book2genre (book_id, genre_id) values (6,  5);
insert into book2genre (book_id, genre_id) values (6,  14);
insert into book2genre (book_id, genre_id) values (7,  16);
insert into book2genre (book_id, genre_id) values (8,   2);
insert into book2genre (book_id, genre_id) values (8,  12);
insert into book2genre (book_id, genre_id) values (9,  16);
insert into book2genre (book_id, genre_id) values (10, 10);
insert into book2genre (book_id, genre_id) values (11, 14);
insert into book2genre (book_id, genre_id) values (12, 14);
insert into book2genre (book_id, genre_id) values (13, 16);
insert into book2genre (book_id, genre_id) values (14, 14);
insert into book2genre (book_id, genre_id) values (15, 16);
insert into book2genre (book_id, genre_id) values (16, 14);
insert into book2genre (book_id, genre_id) values (17, 11);
insert into book2genre (book_id, genre_id) values (18, 14);
insert into book2genre (book_id, genre_id) values (19, 16);
insert into book2genre (book_id, genre_id) values (20, 12);

-- Виды привязки книг к пользователям
insert into book2user_type(id, code, name) values (1, 'KEPT',     'Отложена');
insert into book2user_type(id, code, name) values (2, 'CART',     'В корзине');
insert into book2user_type(id, code, name) values (3, 'PAID',     'Куплена');
insert into book2user_type(id, code, name) values (4, 'ARCHIVED', 'В архиве');

-- Связь книг и пользователей
insert into book2user(time, type_id, book_id, user_id) values (TO_DATE('01.01.2001', 'dd.mm.yyyy'), 1,  1, 1);
insert into book2user(time, type_id, book_id, user_id) values (TO_DATE('01.01.2001', 'dd.mm.yyyy'), 1,  4, 1);
insert into book2user(time, type_id, book_id, user_id) values (TO_DATE('01.01.2001', 'dd.mm.yyyy'), 1, 15, 1);
insert into book2user(time, type_id, book_id, user_id) values (TO_DATE('01.01.2001', 'dd.mm.yyyy'), 2,  2, 1);
insert into book2user(time, type_id, book_id, user_id) values (TO_DATE('01.01.2001', 'dd.mm.yyyy'), 2, 16, 1);
insert into book2user(time, type_id, book_id, user_id) values (TO_DATE('01.01.2001', 'dd.mm.yyyy'), 2,  9, 1);
insert into book2user(time, type_id, book_id, user_id) values (TO_DATE('01.01.2001', 'dd.mm.yyyy'), 3, 13, 1);
insert into book2user(time, type_id, book_id, user_id) values (TO_DATE('01.01.2001', 'dd.mm.yyyy'), 3,  7, 1);
insert into book2user(time, type_id, book_id, user_id) values (TO_DATE('01.01.2001', 'dd.mm.yyyy'), 3, 18, 1);

insert into book2user(time, type_id, book_id, user_id) values (TO_DATE('02.02.2002', 'dd.mm.yyyy'), 1,  1, 2);
insert into book2user(time, type_id, book_id, user_id) values (TO_DATE('02.02.2002', 'dd.mm.yyyy'), 1,  2, 2);
insert into book2user(time, type_id, book_id, user_id) values (TO_DATE('02.02.2002', 'dd.mm.yyyy'), 1, 13, 2);
insert into book2user(time, type_id, book_id, user_id) values (TO_DATE('02.02.2002', 'dd.mm.yyyy'), 2, 10, 2);
insert into book2user(time, type_id, book_id, user_id) values (TO_DATE('02.02.2002', 'dd.mm.yyyy'), 2,  4, 2);
insert into book2user(time, type_id, book_id, user_id) values (TO_DATE('02.02.2002', 'dd.mm.yyyy'), 2,  5, 2);
insert into book2user(time, type_id, book_id, user_id) values (TO_DATE('02.02.2002', 'dd.mm.yyyy'), 3, 10, 2);
insert into book2user(time, type_id, book_id, user_id) values (TO_DATE('02.02.2002', 'dd.mm.yyyy'), 3, 14, 2);
insert into book2user(time, type_id, book_id, user_id) values (TO_DATE('02.02.2002', 'dd.mm.yyyy'), 3, 15, 2);

insert into book2user(time, type_id, book_id, user_id) values (TO_DATE('03.03.2003', 'dd.mm.yyyy'), 1, 10, 3);
insert into book2user(time, type_id, book_id, user_id) values (TO_DATE('03.03.2003', 'dd.mm.yyyy'), 1,  4, 3);
insert into book2user(time, type_id, book_id, user_id) values (TO_DATE('03.03.2003', 'dd.mm.yyyy'), 1, 19, 3);
insert into book2user(time, type_id, book_id, user_id) values (TO_DATE('03.03.2003', 'dd.mm.yyyy'), 2,  2, 3);
insert into book2user(time, type_id, book_id, user_id) values (TO_DATE('03.03.2003', 'dd.mm.yyyy'), 2, 18, 3);
insert into book2user(time, type_id, book_id, user_id) values (TO_DATE('03.03.2003', 'dd.mm.yyyy'), 2, 20, 3);
insert into book2user(time, type_id, book_id, user_id) values (TO_DATE('03.03.2003', 'dd.mm.yyyy'), 3,  3, 3);
insert into book2user(time, type_id, book_id, user_id) values (TO_DATE('03.03.2003', 'dd.mm.yyyy'), 3, 16, 3);
insert into book2user(time, type_id, book_id, user_id) values (TO_DATE('03.03.2003', 'dd.mm.yyyy'), 3,  2, 3);

insert into book2user(time, type_id, book_id, user_id) values (TO_DATE('04.04.2004', 'dd.mm.yyyy'), 1, 11, 4);
insert into book2user(time, type_id, book_id, user_id) values (TO_DATE('04.04.2004', 'dd.mm.yyyy'), 1,  5, 4);
insert into book2user(time, type_id, book_id, user_id) values (TO_DATE('04.04.2004', 'dd.mm.yyyy'), 1, 15, 4);
insert into book2user(time, type_id, book_id, user_id) values (TO_DATE('04.04.2004', 'dd.mm.yyyy'), 2, 12, 4);
insert into book2user(time, type_id, book_id, user_id) values (TO_DATE('04.04.2004', 'dd.mm.yyyy'), 2,  9, 4);
insert into book2user(time, type_id, book_id, user_id) values (TO_DATE('04.04.2004', 'dd.mm.yyyy'), 2, 19, 4);
insert into book2user(time, type_id, book_id, user_id) values (TO_DATE('04.04.2004', 'dd.mm.yyyy'), 3, 10, 4);
insert into book2user(time, type_id, book_id, user_id) values (TO_DATE('04.04.2004', 'dd.mm.yyyy'), 3, 14, 4);
insert into book2user(time, type_id, book_id, user_id) values (TO_DATE('04.04.2004', 'dd.mm.yyyy'), 3,  7, 4);